<?xml version="1.0" encoding="UTF-8"?>
<user>
    <username>CaliforniaUser</username>
    <fullName>California User</fullName>
    <password>ENC&lt;4A52534956000000100EA531F7C011EF0BEC4E0AA4E5D3F650C63B31B98F5AC62B85F37CD29CAA0985&gt;</password>
    <externallyDefined>false</externallyDefined>
    <enabled>true</enabled>
    <role>ROLE_SUPERMART_MANAGER</role>
    <role>ROLE_USER</role>
    <attribute name="State">
        <value>CA</value>
    </attribute>
    <attribute name="Cities">
        <value>San Francisco, Oakland, San Jose</value>
    </attribute>
    <previousPasswordChangeTime>2024-03-05T03:14:21.301-07:00</previousPasswordChangeTime>
    <tenantId>organization_1</tenantId>
</user>
