<?xml version="1.0" encoding="UTF-8"?>
<user>
    <username>demo</username>
    <fullName>Demo User</fullName>
    <password>ENC&lt;4A525349560000001003D7786A4B8D32DC3F6D64E0BAF40F610AFBC45F4707E0B5DA1164DA148AE83B&gt;</password>
    <externallyDefined>false</externallyDefined>
    <enabled>true</enabled>
    <role>ROLE_DEMO</role>
    <role>ROLE_USER</role>
    <previousPasswordChangeTime>2024-03-05T03:14:22.123-07:00</previousPasswordChangeTime>
    <tenantId>organization_1</tenantId>
</user>
