<?xml version="1.0" encoding="UTF-8"?>
<user>
    <username>jasperadmin</username>
    <fullName>jasperadmin User</fullName>
    <password>ENC&lt;4A5253495600000010232BC6B9E59F42243B61CA7A8F214DCAEB4D3176FEC01F8966B1AF951DFB26E5&gt;</password>
    <externallyDefined>false</externallyDefined>
    <enabled>true</enabled>
    <role>ROLE_ADMINISTRATOR</role>
    <role>ROLE_USER</role>
    <previousPasswordChangeTime>2024-03-05T03:11:17.948-07:00</previousPasswordChangeTime>
    <tenantId>organization_1</tenantId>
</user>
