<?xml version="1.0" encoding="UTF-8"?>
<user>
    <username>jasperadmin</username>
    <fullName>jasperadmin User</fullName>
    <password>ENC&lt;4A525349560000001018DFB2B0D01A1170D29C567B9E17895198808D9EF7DCF2A5335638EC9B742AD9&gt;</password>
    <externallyDefined>false</externallyDefined>
    <enabled>true</enabled>
    <role>ROLE_ADMINISTRATOR</role>
    <role>ROLE_USER</role>
    <previousPasswordChangeTime>2024-03-05T03:11:46.645-07:00</previousPasswordChangeTime>
    <tenantId>organization_1</tenantId>
</user>
