<?xml version="1.0" encoding="UTF-8"?>
<jdbcDataSource exportedWithPermissions="true">
    <folder>/organizations/organization_1/analysis/datasources</folder>
    <name>FoodmartDataSource</name>
    <version>0</version>
    <label>Foodmart Data Source</label>
    <description>Foodmart Data Source</description>
    <creationDate>2024-03-05T03:14:19.000-07:00</creationDate>
    <updateDate>2024-03-05T03:14:19.000-07:00</updateDate>
    <driver>tibcosoftware.jdbc.oracle.OracleDriver</driver>
    <connectionUrl>jdbc:tibcosoftware:oracle://ci-catalogs-na2-oracle.jaspersoft.com:1521;CatalogOptions=0;SID=ORCL</connectionUrl>
    <connectionUser>foodmart</connectionUser>
    <connectionPassword>ENC&lt;4A5253495600000010A37358C2999DBA4B83B7FF1796028B7ABFCC35DAF3A32F655F808F0102C9421B&gt;</connectionPassword>
</jdbcDataSource>
