<?xml version="1.0" encoding="UTF-8"?>
<jdbcDataSource exportedWithPermissions="true">
    <folder>/organizations/organization_1/analysis/datasources</folder>
    <name>SugarCRMDataSource</name>
    <version>0</version>
    <label>SugarCRM Data Source</label>
    <description>SugarCRM Data Source</description>
    <creationDate>2024-03-05T03:14:19.000-07:00</creationDate>
    <updateDate>2024-03-05T03:14:19.000-07:00</updateDate>
    <driver>tibcosoftware.jdbc.oracle.OracleDriver</driver>
    <connectionUrl>jdbc:tibcosoftware:oracle://ci-catalogs-na2-oracle.jaspersoft.com:1521;CatalogOptions=0;SID=ORCL</connectionUrl>
    <connectionUser>sugarcrm</connectionUser>
    <connectionPassword>ENC&lt;4A5253495600000010CD6486FC411564F443A3C0E938463B694ABA90A45CF6B1C7EC285441BBE8DC42&gt;</connectionPassword>
</jdbcDataSource>
