<?xml version="1.0" encoding="UTF-8"?>
<user>
    <username>demo</username>
    <fullName>Demo User</fullName>
    <password>ENC&lt;4A52534956000000101992D1DF4376D499920857377A93CEBE42BBD1534BA7BC326FC9C7ADE257E54E&gt;</password>
    <externallyDefined>false</externallyDefined>
    <enabled>true</enabled>
    <role>ROLE_DEMO</role>
    <role>ROLE_USER</role>
    <previousPasswordChangeTime>2024-03-05T03:16:09.032-07:00</previousPasswordChangeTime>
    <tenantId>organization_1</tenantId>
</user>
