<?xml version="1.0" encoding="UTF-8"?>
<user>
    <username>jasperadmin</username>
    <fullName>jasperadmin User</fullName>
    <password>ENC&lt;4A525349560000001037873C5359CCE6505E02C5897684858CC40CB6310E7728FE8C446881D76709DA&gt;</password>
    <externallyDefined>false</externallyDefined>
    <enabled>true</enabled>
    <role>ROLE_ADMINISTRATOR</role>
    <role>ROLE_USER</role>
    <previousPasswordChangeTime>2024-03-05T03:11:46.645-07:00</previousPasswordChangeTime>
    <tenantId>organization_1</tenantId>
</user>
