<?xml version="1.0" encoding="UTF-8"?>
<semanticLayerDataSource exportedWithPermissions="true">
    <folder>/public/Completed_Schedules/Domains</folder>
    <name>Successful_Reports_Domain</name>
    <version>0</version>
    <label>Successful Reports Domain</label>
    <description>Domain containing fields for successful scheduled report executions.</description>
    <creationDate>2024-03-05T03:13:44.776-07:00</creationDate>
    <updateDate>2024-03-05T03:13:44.776-07:00</updateDate>
    <schema>
        <localResource
            xmlns:xsi="http://www.w3.org/2001/XMLSchema-instance"
            exportedWithPermissions="false"
            dataFile="Successful_Reports_Domain_schema.data" xsi:type="fileResource">
            <folder>/public/Completed_Schedules/Domains/Successful_Reports_Domain_files</folder>
            <name>Successful_Reports_Domain_schema</name>
            <version>0</version>
            <label>Successful_Reports_Domain_schema</label>
            <description>Successful_Reports_Domain_schema</description>
            <creationDate>2024-03-05T03:13:44.776-07:00</creationDate>
            <updateDate>2024-03-05T03:13:44.776-07:00</updateDate>
            <fileType>xml</fileType>
        </localResource>
    </schema>
    <dataSource>
        <alias>AuditDataSource</alias>
        <dataSourceReference>
            <uri>/public/audit/datasources/AuditDataSource</uri>
        </dataSourceReference>
    </dataSource>
</semanticLayerDataSource>
