<?xml version="1.0" encoding="UTF-8"?>
<fileResource exportedWithPermissions="true" dataFile="chart-type-icon-mono-sprite.svg.data">
    <folder>/organizations/organization_1/themes/default/jasper-ui/images</folder>
    <name>chart-type-icon-mono-sprite.svg</name>
    <version>0</version>
    <label>chart-type-icon-mono-sprite.svg</label>
    <creationDate>2024-03-05T03:11:35.000-07:00</creationDate>
    <updateDate>2024-03-05T03:11:35.000-07:00</updateDate>
    <fileType>img</fileType>
</fileResource>
