<?xml version="1.0" encoding="UTF-8"?>
<fileResource exportedWithPermissions="true" dataFile="FoodmartGrant.data">
    <folder>/organizations/organization_1/analysis/schemas</folder>
    <name>FoodmartGrant</name>
    <version>0</version>
    <label>Foodmart Grant</label>
    <description>ANALYSIS Foodmart Grant</description>
    <creationDate>2024-03-05T03:14:38.000-07:00</creationDate>
    <updateDate>2024-03-05T03:14:38.000-07:00</updateDate>
    <fileType>accessGrantSchema</fileType>
</fileResource>
