<?xml version="1.0" encoding="UTF-8"?>
<fileResource exportedWithPermissions="true" dataFile="dashboard_content_icons_sprite@1x.png.data">
    <folder>/organizations/organization_1/themes/default/images</folder>
    <name>dashboard_content_icons_sprite@1x.png</name>
    <version>0</version>
    <label>dashboard_content_icons_sprite@1x.png</label>
    <creationDate>2024-03-05T03:12:02.461-07:00</creationDate>
    <updateDate>2024-03-05T03:12:02.461-07:00</updateDate>
    <fileType>img</fileType>
</fileResource>
