<?xml version="1.0" encoding="UTF-8"?>
<jdbcDataSource exportedWithPermissions="true">
    <folder>/organizations/organization_1/analysis/datasources</folder>
    <name>FoodmartDataSource</name>
    <version>0</version>
    <label>Foodmart Data Source</label>
    <description>Foodmart Data Source</description>
    <creationDate>2024-03-05T03:14:34.937-07:00</creationDate>
    <updateDate>2024-03-05T03:14:34.937-07:00</updateDate>
    <driver>tibcosoftware.jdbc.sqlserver.SQLServerDriver</driver>
    <connectionUrl>jdbc:tibcosoftware:sqlserver://ci-catalogs-na2-sqlserver.jaspersoft.com:1433;databaseName=foupdate;sendTimestampEscapeAsString=false</connectionUrl>
    <connectionUser>sa</connectionUser>
    <connectionPassword>ENC&lt;4A525349560000001073CFA68541276E96682E15EDA7A5FC963B35A6E55D999D4692663D4EE874A920&gt;</connectionPassword>
</jdbcDataSource>
