<?xml version="1.0" encoding="UTF-8"?>
<jdbcDataSource exportedWithPermissions="true">
    <folder>/organizations/organization_1/analysis/datasources</folder>
    <name>SugarCRMDataSource</name>
    <version>0</version>
    <label>SugarCRM Data Source</label>
    <description>SugarCRM Data Source</description>
    <creationDate>2024-03-05T03:14:35.130-07:00</creationDate>
    <updateDate>2024-03-05T03:14:35.130-07:00</updateDate>
    <driver>tibcosoftware.jdbc.sqlserver.SQLServerDriver</driver>
    <connectionUrl>jdbc:tibcosoftware:sqlserver://ci-catalogs-na2-sqlserver.jaspersoft.com:1433;databaseName=suupdate;sendTimestampEscapeAsString=false</connectionUrl>
    <connectionUser>sa</connectionUser>
    <connectionPassword>ENC&lt;4A5253495600000010844354D4D4E73A9C21B69D0A6DE817C26000A54112086E6F22EEE55E9401FA11&gt;</connectionPassword>
</jdbcDataSource>
