<?xml version="1.0" encoding="UTF-8"?>
<folder exportedWithPermissions="true">
    <parent>/public/Completed_Schedules</parent>
    <name>Domains</name>
    <label>Domains</label>
    <description>Monitoring Domains</description>
    <creationDate>2024-03-05T03:13:04.000-07:00</creationDate>
    <updateDate>2024-03-05T03:13:04.000-07:00</updateDate>
    <resource>Failed_Reports_Domain</resource>
    <resource>Output_Formats_Domain</resource>
    <resource>Query_Details_Domain</resource>
    <resource>Successful_Reports_Domain</resource>
</folder>
