<?xml version="1.0" encoding="UTF-8"?>
<folder exportedWithPermissions="true">
    <parent>/public/Completed_Schedules</parent>
    <name>Ad_Hoc_Views</name>
    <label>Ad Hoc Views</label>
    <description>Ad Hoc Views</description>
    <creationDate>2024-03-05T03:14:33.000-07:00</creationDate>
    <updateDate>2022-05-03T17:36:16.000-07:00</updateDate>
    <resource>Failed_Reports_Ad_Hoc_View</resource>
    <resource>Output_Formats_Ad_Hoc_View</resource>
    <resource>Query_Details_Ad_Hoc_View</resource>
    <resource>Successful_Reports_Ad_Hoc_View</resource>
</folder>
