<?xml version="1.0" encoding="UTF-8"?>
<semanticLayerDataSource exportedWithPermissions="true">
    <folder>/public/Completed_Schedules/Domains</folder>
    <name>Output_Formats_Domain</name>
    <version>0</version>
    <label>Output Formats Domain</label>
    <description>Domain containing output formats for scheduled report executions.</description>
    <creationDate>2024-03-05T03:14:15.282-07:00</creationDate>
    <updateDate>2024-03-05T03:14:15.282-07:00</updateDate>
    <schema>
        <localResource
            xmlns:xsi="http://www.w3.org/2001/XMLSchema-instance"
            exportedWithPermissions="false"
            dataFile="Output_Formats_Domain_schema.data" xsi:type="fileResource">
            <folder>/public/Completed_Schedules/Domains/Output_Formats_Domain_files</folder>
            <name>Output_Formats_Domain_schema</name>
            <version>0</version>
            <label>Output_Formats_Domain_schema</label>
            <description>Output_Formats_Domain_schema</description>
            <creationDate>2024-03-05T03:14:15.282-07:00</creationDate>
            <updateDate>2024-03-05T03:14:15.282-07:00</updateDate>
            <fileType>xml</fileType>
        </localResource>
    </schema>
    <dataSource>
        <alias>AuditDataSource</alias>
        <dataSourceReference>
            <uri>/public/audit/datasources/AuditDataSource</uri>
        </dataSourceReference>
    </dataSource>
</semanticLayerDataSource>
