<?xml version="1.0" encoding="UTF-8"?>
<dataDefinerUnit exportedWithPermissions="true">
    <folder>/organizations/organization_1/adhoc/topics</folder>
    <name>Simple_Domain_Topic</name>
    <version>0</version>
    <label>Simple Domain Topic</label>
    <description>Simple example of Domain saved as Topic</description>
    <creationDate>2024-03-05T03:16:08.837-07:00</creationDate>
    <updateDate>2024-03-05T03:16:08.837-07:00</updateDate>
    <mainReport>
        <localResource
            xmlns:xsi="http://www.w3.org/2001/XMLSchema-instance"
            exportedWithPermissions="false"
            dataFile="simple_domain_topic.jrxml.data" xsi:type="fileResource">
            <folder>/organizations/organization_1/adhoc/topics/Simple_Domain_Topic_files</folder>
            <name>simple_domain_topic.jrxml</name>
            <version>0</version>
            <label>simple_domain_topic.jrxml</label>
            <description>simple_domain_topic.jrxml file used by 'Simple Domain Topic' topic</description>
            <creationDate>2024-03-05T03:16:08.837-07:00</creationDate>
            <updateDate>2024-03-05T03:16:08.837-07:00</updateDate>
            <fileType>jrxml</fileType>
        </localResource>
    </mainReport>
    <dataSource>
        <uri>/organizations/organization_1/Domains/Simple_Domain</uri>
    </dataSource>
    <alwaysPromptControls>false</alwaysPromptControls>
    <controlsLayout>1</controlsLayout>
</dataDefinerUnit>
