<?xml version="1.0" encoding="UTF-8"?>
<fileResource exportedWithPermissions="true" dataFile="sourcesanspro-regular-webfont.woff2.data">
    <folder>/organizations/organization_1/themes/default/fonts</folder>
    <name>sourcesanspro-regular-webfont.woff2</name>
    <version>0</version>
    <label>sourcesanspro-regular-webfont.woff2</label>
    <creationDate>2024-03-05T03:11:54.812-07:00</creationDate>
    <updateDate>2024-03-05T03:11:54.812-07:00</updateDate>
    <fileType>font</fileType>
</fileResource>
