<?xml version="1.0" encoding="UTF-8"?>
<user>
    <username>jasperadmin</username>
    <fullName>jasperadmin User</fullName>
    <password>ENC&lt;4A5253495600000010DE1458A89935C79D081C1E90BFBB45869C625E1CE3CD8E2885187542BAA8AD24&gt;</password>
    <externallyDefined>false</externallyDefined>
    <enabled>true</enabled>
    <role>ROLE_ADMINISTRATOR</role>
    <role>ROLE_USER</role>
    <previousPasswordChangeTime>2024-03-05T03:11:02.947-07:00</previousPasswordChangeTime>
    <tenantId>organization_1</tenantId>
</user>
