<?xml version="1.0" encoding="UTF-8"?>
<semanticLayerDataSource exportedWithPermissions="true">
    <folder>/public/Completed_Schedules/Domains</folder>
    <name>Query_Details_Domain</name>
    <version>0</version>
    <label>Query Details Domain</label>
    <description>Domain containing query details for scheduled report executions.</description>
    <creationDate>2024-03-05T03:12:54.255-07:00</creationDate>
    <updateDate>2024-03-05T03:12:54.255-07:00</updateDate>
    <schema>
        <localResource
            xmlns:xsi="http://www.w3.org/2001/XMLSchema-instance"
            exportedWithPermissions="false"
            dataFile="Query_Details_Domain_schema.data" xsi:type="fileResource">
            <folder>/public/Completed_Schedules/Domains/Query_Details_Domain_files</folder>
            <name>Query_Details_Domain_schema</name>
            <version>0</version>
            <label>Query_Details_Domain_schema</label>
            <description>Query_Details_Domain_schema</description>
            <creationDate>2024-03-05T03:12:54.255-07:00</creationDate>
            <updateDate>2024-03-05T03:12:54.255-07:00</updateDate>
            <fileType>xml</fileType>
        </localResource>
    </schema>
    <dataSource>
        <alias>AuditDataSource</alias>
        <dataSourceReference>
            <uri>/public/audit/datasources/AuditDataSource</uri>
        </dataSourceReference>
    </dataSource>
</semanticLayerDataSource>
