<?xml version="1.0" encoding="UTF-8"?>
<folder exportedWithPermissions="true">
    <parent>/organizations/organization_1/themes/default/jasper-ui</parent>
    <name>images</name>
    <label>images</label>
    <creationDate>2024-03-05T03:11:52.000-07:00</creationDate>
    <updateDate>2024-03-05T03:11:52.000-07:00</updateDate>
    <resource>beta-icon.svg</resource>
    <resource>bg.jpg</resource>
    <resource>button_action_icons_sprite.png</resource>
    <resource>chart-type-icon-mono-sprite.svg</resource>
    <resource>chart-type-icon-sprite.svg</resource>
    <resource>column_header_bkgd.png</resource>
    <resource>control_icons_sprite.png</resource>
    <resource>domain-tree-icons-sprite.svg</resource>
    <resource>file_type_icons_sprite.svg</resource>
    <resource>glyph_icons_sprite.svg</resource>
    <resource>glyph_icons_sprite-responsive.svg</resource>
    <resource>gr-link.png</resource>
    <resource>icontrol_icons_sprite.png</resource>
    <resource>icontrol_icons_sprite.svg</resource>
    <resource>jr-loading_animation.gif</resource>
    <resource>list_node_animation.gif</resource>
    <resource>logo_amazon.svg</resource>
    <resource>logo_aws.png</resource>
    <resource>logo_tibco.svg</resource>
    <resource>sizer_icons_sprite.png</resource>
    <resource>sort_filter_icons_sprite.png</resource>
    <resource>tiny_minus.png</resource>
    <resource>tiny_plus.png</resource>
    <resource>tree_icons_sprite.svg</resource>
    <resource>workflow_icons_sprite.svg</resource>
</folder>
