<?xml version="1.0" encoding="UTF-8"?>
<jdbcDataSource exportedWithPermissions="true">
    <folder>/organizations/organization_1/datasources</folder>
    <name>JServerJdbcDS</name>
    <version>0</version>
    <label>JServer Jdbc Data Source</label>
    <description>JServer Jdbc Data Source</description>
    <creationDate>2024-03-05T03:15:08.081-07:00</creationDate>
    <updateDate>2024-03-05T03:15:08.081-07:00</updateDate>
    <driver>tibcosoftware.jdbc.db2.DB2Driver</driver>
    <connectionUrl>jdbc:tibcosoftware:db2://ci-catalogs-na2-db2.jaspersoft.com:50000;DatabaseName=suupdate;AlternateId=suupdate</connectionUrl>
    <connectionUser>ci_agent</connectionUser>
    <connectionPassword>ENC&lt;4A5253495600000010DEDBA5C0841BA8445F9643702A08CF4ED43F6CBE02F863BCC372F00301A536CC&gt;</connectionPassword>
</jdbcDataSource>
