<?xml version="1.0" encoding="UTF-8"?>
<jdbcDataSource exportedWithPermissions="true">
    <folder>/organizations/organization_1/analysis/datasources</folder>
    <name>SugarCRMDataSource</name>
    <version>0</version>
    <label>SugarCRM Data Source</label>
    <description>SugarCRM Data Source</description>
    <creationDate>2024-03-05T03:14:05.000-07:00</creationDate>
    <updateDate>2024-03-05T03:14:05.000-07:00</updateDate>
    <driver>org.mariadb.jdbc.Driver</driver>
    <connectionUrl>jdbc:mysql://ci-catalogs-na2-mysql.jaspersoft.com:3306/suupdate?useUnicode=true&amp;amp;characterEncoding=UTF-8&amp;amp;autoReconnectForPools=true&amp;amp;tinyInt1isBit=false&amp;amp;allowPublicKeyRetrieval=true</connectionUrl>
    <connectionUser>ci_agent</connectionUser>
    <connectionPassword>ENC&lt;4A525349560000001029BC85702592371BF6939FDDA09FEE53AC7746100D05AA4EB14A9180DA0C60CF&gt;</connectionPassword>
</jdbcDataSource>
