<?xml version="1.0" encoding="UTF-8"?>
<virtualDataSource exportedWithPermissions="true">
    <folder>/organizations/organization_1/datasources</folder>
    <name>SugarFoodmartVDS</name>
    <version>0</version>
    <label>SugarCRM-Foodmart Virtual Data Source</label>
    <description>Virtual Data Source Combining SugarCRM and Foodmart</description>
    <creationDate>2024-03-05T03:13:49.432-07:00</creationDate>
    <updateDate>2024-03-05T03:13:49.432-07:00</updateDate>
    <dataSource>
        <alias>FoodmartDataSource</alias>
        <dataSourceReference>
            <uri>/organizations/organization_1/analysis/datasources/FoodmartDataSourceJNDI</uri>
        </dataSourceReference>
    </dataSource>
    <dataSource>
        <alias>SugarCRMDataSource</alias>
        <dataSourceReference>
            <uri>/organizations/organization_1/analysis/datasources/SugarCRMDataSourceJNDI</uri>
        </dataSourceReference>
    </dataSource>
</virtualDataSource>
