<?xml version="1.0" encoding="UTF-8"?>
<fileResource exportedWithPermissions="true" dataFile="SugarCRMSchema.data">
    <folder>/organizations/organization_1/analysis/schemas</folder>
    <name>SugarCRMSchema</name>
    <version>0</version>
    <label>SugarCRM Schema</label>
    <description>SugarCRM Analysis Schema</description>
    <creationDate>2024-03-05T03:14:34.750-07:00</creationDate>
    <updateDate>2024-03-05T03:14:34.750-07:00</updateDate>
    <fileType>olapMondrianSchema</fileType>
</fileResource>
