<?xml version="1.0" encoding="UTF-8"?>
<xmlaConnection exportedWithPermissions="true">
    <folder>/organizations/organization_1/analysis/connections</folder>
    <name>FoodmartXmlaConnection</name>
    <version>2</version>
    <label>Foodmart XML/A Connection</label>
    <description>Foodmart XML/A Connection</description>
    <creationDate>2024-03-05T03:15:08.909-07:00</creationDate>
    <updateDate>2024-03-05T03:16:05.793-07:00</updateDate>
    <connectionURL>http://localhost:8080/jasperserver-pro/xmla</connectionURL>
    <dataSource>Provider=Mondrian;DataSource=JRS</dataSource>
    <catalog>Foodmart</catalog>
    <connectionUser>jasperadmin|organization_1</connectionUser>
    <connectionPassword>ENC&lt;4A5253495600000010FE2E320E9889B73D6DEEDDB96504AFEDEE363BC725CEAA89E872D6FB9D9DEE7E&gt;</connectionPassword>
</xmlaConnection>
