<?xml version="1.0" encoding="UTF-8"?>
<user>
    <username>CaliforniaUser</username>
    <fullName>California User</fullName>
    <password>ENC&lt;4A52534956000000101D86A53DF9A6F4738F3BC05F6249D948177AA3B28064F077037925C3E7EA803E&gt;</password>
    <externallyDefined>false</externallyDefined>
    <enabled>true</enabled>
    <role>ROLE_SUPERMART_MANAGER</role>
    <role>ROLE_USER</role>
    <attribute name="State">
        <value>CA</value>
    </attribute>
    <attribute name="Cities">
        <value>San Francisco, Oakland, San Jose</value>
    </attribute>
    <previousPasswordChangeTime>2024-03-05T03:14:56.000-07:00</previousPasswordChangeTime>
    <tenantId>organization_1</tenantId>
</user>
