<?xml version="1.0" encoding="UTF-8"?>
<user>
    <username>demo</username>
    <fullName>Demo User</fullName>
    <password>ENC&lt;4A5253495600000010D9E3E7CAFD6DED84ED885E2ACE3792C4CC62CA9E3449D183B8F386D46B0BEA29&gt;</password>
    <externallyDefined>false</externallyDefined>
    <enabled>true</enabled>
    <role>ROLE_DEMO</role>
    <role>ROLE_USER</role>
    <previousPasswordChangeTime>2024-03-05T03:14:58.000-07:00</previousPasswordChangeTime>
    <tenantId>organization_1</tenantId>
</user>
