<?xml version="1.0" encoding="UTF-8"?>
<user>
    <username>jasperadmin</username>
    <fullName>jasperadmin User</fullName>
    <password>ENC&lt;4A5253495600000010DFED047FE6D74FC7EA1FA30169791DCC0BF0772683D3E83E3D4024B6D291D039&gt;</password>
    <externallyDefined>false</externallyDefined>
    <enabled>true</enabled>
    <role>ROLE_ADMINISTRATOR</role>
    <role>ROLE_USER</role>
    <previousPasswordChangeTime>2024-03-05T03:10:56.000-07:00</previousPasswordChangeTime>
    <tenantId>organization_1</tenantId>
</user>
