<?xml version="1.0" encoding="UTF-8"?>
<user>
    <username>jasperadmin</username>
    <fullName>jasperadmin User</fullName>
    <password>ENC&lt;4A5253495600000010D139A69989D671FD9B363AE24BA02148D9D7F5EDDCC2297154B2479134503BC5&gt;</password>
    <externallyDefined>false</externallyDefined>
    <enabled>true</enabled>
    <role>ROLE_ADMINISTRATOR</role>
    <role>ROLE_USER</role>
    <previousPasswordChangeTime>2024-03-05T03:10:56.000-07:00</previousPasswordChangeTime>
    <tenantId>organization_1</tenantId>
</user>
