<?xml version="1.0" encoding="UTF-8"?>
<organization>
    <id>organizations</id>
    <alias>organizations</alias>
    <tenantName>root</tenantName>
    <tenantDesc>organizations</tenantDesc>
    <tenantNote> </tenantNote>
    <tenantUri>/</tenantUri>
    <tenantFolderUri>/</tenantFolderUri>
    <attribute>
        <name>domainWhitelist</name>
        <permissions>
            <permissionMask>1</permissionMask>
            <recipient recipientType="role">ROLE_ADMINISTRATOR</recipient>
        </permissions>
        <value>*</value>
    </attribute>
    <attribute>
        <name>auditDB</name>
        <permissions>
            <permissionMask>1</permissionMask>
            <recipient recipientType="role">ROLE_ADMINISTRATOR</recipient>
        </permissions>
        <value>JASPERSERVER</value>
    </attribute>
    <attribute>
        <name>repositoryDB</name>
        <permissions>
            <permissionMask>1</permissionMask>
            <recipient recipientType="role">ROLE_ADMINISTRATOR</recipient>
        </permissions>
        <value>JASPERSERVER</value>
    </attribute>
    <theme>default</theme>
</organization>
