<?xml version="1.0" encoding="UTF-8"?>
<folder exportedWithPermissions="true">
    <parent>/public</parent>
    <name>Completed_Schedules</name>
    <label>Completed Schedules</label>
    <description>Completed Schedules Components</description>
    <creationDate>2024-03-05T03:13:04.000-07:00</creationDate>
    <updateDate>2024-03-05T03:13:04.000-07:00</updateDate>
    <folder>Ad_Hoc_Views</folder>
    <folder>Domains</folder>
    <permission>
        <permissionMask>0</permissionMask>
        <recipient recipientType="role">ROLE_USER</recipient>
    </permission>
</folder>
