<?xml version="1.0" encoding="UTF-8"?>
<jdbcDataSource exportedWithPermissions="true">
    <folder>/organizations/organization_1/datasources</folder>
    <name>JServerJdbcDS</name>
    <version>0</version>
    <label>JServer Jdbc Data Source</label>
    <description>JServer Jdbc Data Source</description>
    <creationDate>2024-03-05T03:14:17.000-07:00</creationDate>
    <updateDate>2024-03-05T03:14:17.000-07:00</updateDate>
    <driver>tibcosoftware.jdbc.oracle.OracleDriver</driver>
    <connectionUrl>jdbc:tibcosoftware:oracle://ci-catalogs-na2-oracle.jaspersoft.com:1521;CatalogOptions=0;SID=ORCL</connectionUrl>
    <connectionUser>sugarcrm</connectionUser>
    <connectionPassword>ENC&lt;4A525349560000001075FA7B4000BE48F37231C0C3291664922A8E751CC116E243BF76E8A588FD7726&gt;</connectionPassword>
</jdbcDataSource>
