<?xml version="1.0" encoding="UTF-8"?>
<jdbcDataSource exportedWithPermissions="true">
    <folder>/organizations/organization_1/analysis/datasources</folder>
    <name>FoodmartDataSource</name>
    <version>0</version>
    <label>Foodmart Data Source</label>
    <description>Foodmart Data Source</description>
    <creationDate>2024-03-05T03:15:08.613-07:00</creationDate>
    <updateDate>2024-03-05T03:15:08.613-07:00</updateDate>
    <driver>tibcosoftware.jdbc.db2.DB2Driver</driver>
    <connectionUrl>jdbc:tibcosoftware:db2://ci-catalogs-na2-db2.jaspersoft.com:50000;DatabaseName=foupdate;AlternateId=foupdate</connectionUrl>
    <connectionUser>ci_agent</connectionUser>
    <connectionPassword>ENC&lt;4A525349560000001099A092C0223E40EEAE823A5DD77DF417570599E36749A1E6766D8B56A2D57214&gt;</connectionPassword>
</jdbcDataSource>
