<?xml version="1.0" encoding="UTF-8"?>
<jdbcDataSource exportedWithPermissions="true">
    <folder>/organizations/organization_1/analysis/datasources</folder>
    <name>SugarCRMDataSource</name>
    <version>0</version>
    <label>SugarCRM Data Source</label>
    <description>SugarCRM Data Source</description>
    <creationDate>2024-03-05T03:15:08.692-07:00</creationDate>
    <updateDate>2024-03-05T03:15:08.692-07:00</updateDate>
    <driver>tibcosoftware.jdbc.db2.DB2Driver</driver>
    <connectionUrl>jdbc:tibcosoftware:db2://ci-catalogs-na2-db2.jaspersoft.com:50000;DatabaseName=suupdate;AlternateId=suupdate</connectionUrl>
    <connectionUser>ci_agent</connectionUser>
    <connectionPassword>ENC&lt;4A5253495600000010305C83DAE13214493D2A385B820B9E7603EF05694766572A0E3CD71ED1A453AE&gt;</connectionPassword>
</jdbcDataSource>
