<?xml version="1.0" encoding="UTF-8"?>
<adhocDataView exportedWithPermissions="true">
    <folder>/public/Completed_Schedules/Ad_Hoc_Views</folder>
    <name>Successful_Reports_Ad_Hoc_View</name>
    <version>0</version>
    <label>Successful Reports Ad Hoc View</label>
    <description>Table showing successful scheduled report executions. Add to a dashboard to view the latest data every time the dashboard runs.</description>
    <creationDate>2024-03-05T03:12:56.199-07:00</creationDate>
    <updateDate>2022-05-17T02:13:18.455-07:00</updateDate>
    <dataSource>
        <uri>/public/Completed_Schedules/Domains/Successful_Reports_Domain</uri>
    </dataSource>
    <resource>
        <localResource
            xmlns:xsi="http://www.w3.org/2001/XMLSchema-instance"
            exportedWithPermissions="false" dataFile="topicJRXML.data" xsi:type="fileResource">
            <folder>/public/Completed_Schedules/Ad_Hoc_Views/Successful_Reports_Ad_Hoc_View_files</folder>
            <name>topicJRXML</name>
            <version>0</version>
            <label>topicJRXML</label>
            <creationDate>2024-03-05T03:12:56.199-07:00</creationDate>
            <updateDate>2022-05-17T02:12:54.388-07:00</updateDate>
            <fileType>jrxml</fileType>
        </localResource>
    </resource>
    <resource>
        <localResource
            xmlns:xsi="http://www.w3.org/2001/XMLSchema-instance"
            exportedWithPermissions="false" dataFile="stateXML.data" xsi:type="fileResource">
            <folder>/public/Completed_Schedules/Ad_Hoc_Views/Successful_Reports_Ad_Hoc_View_files</folder>
            <name>stateXML</name>
            <version>0</version>
            <label>stateXML</label>
            <creationDate>2024-03-05T03:12:56.199-07:00</creationDate>
            <updateDate>2022-05-17T02:12:54.388-07:00</updateDate>
            <fileType>xml</fileType>
        </localResource>
    </resource>
    <alwaysPromptControls>false</alwaysPromptControls>
    <controlsLayout>1</controlsLayout>
</adhocDataView>
