<?xml version="1.0" encoding="UTF-8"?>
<jdbcDataSource exportedWithPermissions="true">
    <folder>/organizations/organization_1/analysis/datasources</folder>
    <name>FoodmartDataSource</name>
    <version>0</version>
    <label>Foodmart Data Source</label>
    <description>Foodmart Data Source</description>
    <creationDate>2024-03-05T03:13:49.352-07:00</creationDate>
    <updateDate>2024-03-05T03:13:49.352-07:00</updateDate>
    <driver>org.postgresql.Driver</driver>
    <connectionUrl>jdbc:postgresql://ci-catalogs-na2-postgresql.jaspersoft.com:5432/foupdate</connectionUrl>
    <connectionUser>ci_agent</connectionUser>
    <connectionPassword>ENC&lt;4A525349560000001077D12AF520B7FD88CA0C9E85B2B8A66308D3CFAAC1537B94C2892E3B5E922DF4&gt;</connectionPassword>
</jdbcDataSource>
