<?xml version="1.0" encoding="UTF-8"?>
<fileResource exportedWithPermissions="true" dataFile="button_action_square_icons_sprite.png.data">
    <folder>/organizations/organization_1/themes/default/images</folder>
    <name>button_action_square_icons_sprite.png</name>
    <version>0</version>
    <label>button_action_square_icons_sprite.png</label>
    <creationDate>2024-03-05T03:11:34.000-07:00</creationDate>
    <updateDate>2024-03-05T03:11:34.000-07:00</updateDate>
    <fileType>img</fileType>
</fileResource>
