<?xml version="1.0" encoding="UTF-8"?>
<folder exportedWithPermissions="true">
    <parent>/public</parent>
    <name>Dashboards</name>
    <label>Dashboards</label>
    <creationDate>2024-03-05T03:12:22.000-07:00</creationDate>
    <updateDate>2024-03-05T03:12:22.000-07:00</updateDate>
    <folder>Templates</folder>
    <permission>
        <permissionMask>2</permissionMask>
        <recipient recipientType="role">ROLE_ADMINISTRATOR</recipient>
    </permission>
    <permission>
        <permissionMask>2</permissionMask>
        <recipient recipientType="role">ROLE_USER</recipient>
    </permission>
</folder>
