<?xml version="1.0" encoding="UTF-8"?>
<jdbcDataSource exportedWithPermissions="true">
    <folder>/organizations/organization_1/datasources</folder>
    <name>JServerJdbcDS</name>
    <version>0</version>
    <label>JServer Jdbc Data Source</label>
    <description>JServer Jdbc Data Source</description>
    <creationDate>2024-03-05T03:14:33.303-07:00</creationDate>
    <updateDate>2024-03-05T03:14:33.303-07:00</updateDate>
    <driver>tibcosoftware.jdbc.sqlserver.SQLServerDriver</driver>
    <connectionUrl>jdbc:tibcosoftware:sqlserver://ci-catalogs-na2-sqlserver.jaspersoft.com:1433;databaseName=suupdate;sendTimestampEscapeAsString=false</connectionUrl>
    <connectionUser>sa</connectionUser>
    <connectionPassword>ENC&lt;4A5253495600000010240122E11C9A37D9783C33F8AE7199760736F0251AAD990B3E9D75FA395643C2&gt;</connectionPassword>
</jdbcDataSource>
