<?xml version="1.0" encoding="UTF-8"?>
<adhocDataView exportedWithPermissions="true">
    <folder>/public/Completed_Schedules/Ad_Hoc_Views</folder>
    <name>Output_Formats_Ad_Hoc_View</name>
    <version>0</version>
    <label>Output Formats Ad Hoc View</label>
    <description>Lists the output formats of a specific scheduled report execution. Add to the dashboard with the scheduled report executions and select an execution ID as an input control for this table.</description>
    <creationDate>2024-03-05T03:13:12.290-07:00</creationDate>
    <updateDate>2022-05-17T20:10:38.283-07:00</updateDate>
    <dataSource>
        <uri>/public/Completed_Schedules/Domains/Output_Formats_Domain</uri>
    </dataSource>
    <inputControl>
        <localResource
            xmlns:xsi="http://www.w3.org/2001/XMLSchema-instance"
            exportedWithPermissions="false" xsi:type="inputControl">
            <folder>/public/Completed_Schedules/Ad_Hoc_Views/Output_Formats_Ad_Hoc_View_files</folder>
            <name>schedule_execution_id_1</name>
            <version>0</version>
            <label>Schedule ID</label>
            <creationDate>2024-03-05T03:13:12.290-07:00</creationDate>
            <updateDate>2022-05-17T20:10:38.283-07:00</updateDate>
            <type>4</type>
            <mandatory>false</mandatory>
            <readOnly>false</readOnly>
            <visible>true</visible>
            <query>
                <localResource exportedWithPermissions="false" xsi:type="query">
                    <folder>/public/Completed_Schedules/Ad_Hoc_Views/Output_Formats_Ad_Hoc_View_files/schedule_execution_id_1_files</folder>
                    <name>schedule_execution_id_1</name>
                    <version>0</version>
                    <label>Schedule ID</label>
                    <creationDate>2024-03-05T03:13:12.290-07:00</creationDate>
                    <updateDate>2022-05-17T20:10:38.283-07:00</updateDate>
                    <language>domain</language>
                    <queryString>&lt;?xml version="1.0" encoding="UTF-8"?&gt;
&lt;query xmlns="http://www.jaspersoft.com/2007/SL/XMLSchema"&gt;
  &lt;groupList&gt;
    &lt;group columnName="schedule_execution_id" id="schedule_execution_id" /&gt;
  &lt;/groupList&gt;
  &lt;queryFields&gt;
    &lt;queryField id="schedule_execution_id" /&gt;
  &lt;/queryFields&gt;
  &lt;sortList&gt;
    &lt;sortColumn columnName="schedule_execution_id" /&gt;
  &lt;/sortList&gt;
&lt;/query&gt;

</queryString>
                    <dataSource>
                        <uri>/public/Completed_Schedules/Domains/Output_Formats_Domain</uri>
                    </dataSource>
                </localResource>
            </query>
            <queryVisibleColumn>schedule_execution_id</queryVisibleColumn>
            <queryValueColumn>schedule_execution_id</queryValueColumn>
        </localResource>
    </inputControl>
    <resource>
        <localResource
            xmlns:xsi="http://www.w3.org/2001/XMLSchema-instance"
            exportedWithPermissions="false" dataFile="topicJRXML.data" xsi:type="fileResource">
            <folder>/public/Completed_Schedules/Ad_Hoc_Views/Output_Formats_Ad_Hoc_View_files</folder>
            <name>topicJRXML</name>
            <version>0</version>
            <label>topicJRXML</label>
            <creationDate>2024-03-05T03:13:12.290-07:00</creationDate>
            <updateDate>2022-05-17T20:10:38.283-07:00</updateDate>
            <fileType>jrxml</fileType>
        </localResource>
    </resource>
    <resource>
        <localResource
            xmlns:xsi="http://www.w3.org/2001/XMLSchema-instance"
            exportedWithPermissions="false" dataFile="stateXML.data" xsi:type="fileResource">
            <folder>/public/Completed_Schedules/Ad_Hoc_Views/Output_Formats_Ad_Hoc_View_files</folder>
            <name>stateXML</name>
            <version>0</version>
            <label>stateXML</label>
            <creationDate>2024-03-05T03:13:12.290-07:00</creationDate>
            <updateDate>2022-05-17T20:10:38.283-07:00</updateDate>
            <fileType>xml</fileType>
        </localResource>
    </resource>
    <alwaysPromptControls>false</alwaysPromptControls>
    <controlsLayout>1</controlsLayout>
</adhocDataView>
