<?xml version="1.0" encoding="UTF-8"?>
<fileResource exportedWithPermissions="true" dataFile="supermart_es.properties.data">
    <folder>/organizations/organization_1/supermart/Common</folder>
    <name>supermart_es.properties</name>
    <version>0</version>
    <label>supermart_es.properties</label>
    <description>Spanish resource bundle</description>
    <creationDate>2024-03-05T03:14:19.432-07:00</creationDate>
    <updateDate>2024-03-05T03:14:19.432-07:00</updateDate>
    <fileType>prop</fileType>
</fileResource>
