<?xml version="1.0" encoding="UTF-8"?>
<user>
    <username>CaliforniaUser</username>
    <fullName>California User</fullName>
    <password>ENC&lt;4A525349560000001038A96E2F6CB3E54D76E5EC587A4DA1C78D5BD6658AD3B59B162CF2FCBF0DC157&gt;</password>
    <externallyDefined>false</externallyDefined>
    <enabled>true</enabled>
    <role>ROLE_USER</role>
    <role>ROLE_SUPERMART_MANAGER</role>
    <attribute name="State">
        <value>CA</value>
    </attribute>
    <attribute name="Cities">
        <value>San Francisco, Oakland, San Jose</value>
    </attribute>
    <previousPasswordChangeTime>2024-03-05T03:14:39.000-07:00</previousPasswordChangeTime>
    <tenantId>organization_1</tenantId>
</user>
