<?xml version="1.0" encoding="UTF-8"?>
<user>
    <username>demo</username>
    <fullName>Demo User</fullName>
    <password>ENC&lt;4A5253495600000010EB93F5E3DC931CB3A64699A73E8EA54A37D8C7670720D8AC27661598658B84A5&gt;</password>
    <externallyDefined>false</externallyDefined>
    <enabled>true</enabled>
    <role>ROLE_DEMO</role>
    <role>ROLE_USER</role>
    <previousPasswordChangeTime>2024-03-05T03:14:40.000-07:00</previousPasswordChangeTime>
    <tenantId>organization_1</tenantId>
</user>
