<?xml version="1.0" encoding="UTF-8"?>
<user>
    <username>jasperadmin</username>
    <fullName>jasperadmin User</fullName>
    <password>ENC&lt;4A52534956000000108BC1E8D74E6724D3512600A21E094BEC0EFC21ED39E5D461780819E1183F15DB&gt;</password>
    <externallyDefined>false</externallyDefined>
    <enabled>true</enabled>
    <role>ROLE_ADMINISTRATOR</role>
    <role>ROLE_USER</role>
    <previousPasswordChangeTime>2024-03-05T03:11:19.000-07:00</previousPasswordChangeTime>
    <tenantId>organization_1</tenantId>
</user>
