<?xml version="1.0" encoding="UTF-8"?>
<user>
    <username>CaliforniaUser</username>
    <fullName>California User</fullName>
    <password>ENC&lt;4A52534956000000102FBB660126518EAD15A64C115CD25FEF811E90A695E203E68A6293B029F454C7&gt;</password>
    <externallyDefined>false</externallyDefined>
    <enabled>true</enabled>
    <role>ROLE_USER</role>
    <role>ROLE_SUPERMART_MANAGER</role>
    <attribute name="State">
        <value>CA</value>
    </attribute>
    <attribute name="Cities">
        <value>San Francisco, Oakland, San Jose</value>
    </attribute>
    <previousPasswordChangeTime>2024-03-05T03:15:14.377-07:00</previousPasswordChangeTime>
    <tenantId>organization_1</tenantId>
</user>
