<?xml version="1.0" encoding="UTF-8"?>
<user>
    <username>demo</username>
    <fullName>Demo User</fullName>
    <password>ENC&lt;4A5253495600000010E6B83CB43D3D3A325D4105BE1375571627FF4BB1CEBF242D118DE8D76254D19F&gt;</password>
    <externallyDefined>false</externallyDefined>
    <enabled>true</enabled>
    <role>ROLE_DEMO</role>
    <role>ROLE_USER</role>
    <previousPasswordChangeTime>2024-03-05T03:15:15.220-07:00</previousPasswordChangeTime>
    <tenantId>organization_1</tenantId>
</user>
