<?xml version="1.0" encoding="UTF-8"?>
<user>
    <username>jasperadmin</username>
    <fullName>jasperadmin User</fullName>
    <password>ENC&lt;4A5253495600000010E87FC32C868FF3149238DAF18506F767EC921A73BFE8AA3E827B59C5F9B3F2B2&gt;</password>
    <externallyDefined>false</externallyDefined>
    <enabled>true</enabled>
    <role>ROLE_ADMINISTRATOR</role>
    <role>ROLE_USER</role>
    <previousPasswordChangeTime>2024-03-05T03:11:02.947-07:00</previousPasswordChangeTime>
    <tenantId>organization_1</tenantId>
</user>
