<?xml version="1.0" encoding="UTF-8"?>
<user>
    <username>jasperadmin</username>
    <fullName>jasperadmin User</fullName>
    <password>ENC&lt;4A52534956000000106E4F335DC6EDD7584B5404B856F7E3CB335D4F590DC38A175B6D19EEA10C37C0&gt;</password>
    <externallyDefined>false</externallyDefined>
    <enabled>true</enabled>
    <role>ROLE_ADMINISTRATOR</role>
    <role>ROLE_USER</role>
    <previousPasswordChangeTime>2024-03-05T03:11:17.948-07:00</previousPasswordChangeTime>
    <tenantId>organization_1</tenantId>
</user>
