<?xml version="1.0" encoding="UTF-8"?>
<xmlaConnection exportedWithPermissions="true">
    <folder>/organizations/organization_1/analysis/connections</folder>
    <name>FoodmartXmlaConnection</name>
    <version>2</version>
    <label>Foodmart XML/A Connection</label>
    <description>Foodmart XML/A Connection</description>
    <creationDate>2024-03-05T03:13:49.557-07:00</creationDate>
    <updateDate>2024-03-05T03:14:21.142-07:00</updateDate>
    <connectionURL>http://localhost:8080/jasperserver-pro/xmla</connectionURL>
    <dataSource>Provider=Mondrian;DataSource=JRS</dataSource>
    <catalog>Foodmart</catalog>
    <connectionUser>jasperadmin|organization_1</connectionUser>
    <connectionPassword>ENC&lt;4A5253495600000010E7AE96BB32E6F2553D3FDFA3204CECCF59F92D4DEB287E8EBC26281FDD718217&gt;</connectionPassword>
</xmlaConnection>
