<?xml version="1.0" encoding="UTF-8"?>
<user>
    <username>jasperadmin</username>
    <fullName>jasperadmin User</fullName>
    <password>ENC&lt;4A525349560000001057EF3E0EA819A6DAC5F56B40F8BD547A4B624FB872AD572CC37DF891EF2A0612&gt;</password>
    <externallyDefined>false</externallyDefined>
    <enabled>true</enabled>
    <role>ROLE_ADMINISTRATOR</role>
    <role>ROLE_USER</role>
    <previousPasswordChangeTime>2024-03-05T03:11:19.000-07:00</previousPasswordChangeTime>
    <tenantId>organization_1</tenantId>
</user>
